PoolID,Mean_Temp_C,SD_Temp_C,Mean_Intensity_lux,SD_Intensity_lux
1,13.270917769217887,2.324036940384585,426.8261597722325,1660.5527799301178
2,13.17498324958124,2.3083116351233564,5603.155443886097,11928.918945060084
3,13.103857621440536,2.3172968976534682,5605.070519262982,12101.098948940165
4,13.22150418760469,2.2692087110488024,655.1036850921273,2088.8389035431683
